overall,n_reviews,pct_reviews
1.0,186632,0.056595
2.0,166864,0.0506
3.0,339151,0.102845
4.0,644743,0.195513
5.0,1960312,0.594448
